,Training Score,Test R2 Score
LinearRegression,0.7815146485684488,0.7909268340322452
SVR,0.787614626990475,0.8178250850775429
RandomForestRegressor,0.9626393767500535,0.9496638559979849
GradientBoostingRegressor,0.9916780552778918,0.9593205436947085
4,0.7815146485684488,0.7909268340322452
5,0.787614626990475,0.8178250850775429
6,0.9623670825896948,0.9484958657272986
7,0.9916780552778918,0.9592931299828077
