,Training Score,Test R2 Score
0,0.22359919152238827,0.32859827748660164
1,0.38385172058735095,0.49793751061549685
2,0.5649361942202198,0.5697444800892981
3,0.7008845362596625,0.5629421721059014
