{"mae": 2.4082038626609434, "mse": 12.021484637339046, "r2": 0.8286442085491591, "feature_importance": {"Hepatitis B": 0.03632571711123097, "Polio": 0.04470197423294335, "Diphtheria": 0.05526042719485419, "percentage expenditure": 0.8096368174331444}, "y_test": [55.6, 74.6, 74.5, 79.0, 73.9, 74.4, 72.0, 74.2, 64.9, 79.4, 58.0, 46.6, 76.6, 80.0, 59.9, 51.2, 71.8, 67.8, 52.2, 65.4, 77.0, 51.1, 67.2, 72.8, 73.6, 81.4, 53.7, 55.6, 76.8, 57.3, 66.4, 52.3, 54.3, 67.5, 67.4, 64.0, 67.2, 50.0, 46.0, 77.0, 79.9, 84.0, 79.3, 73.7, 55.3, 76.0, 76.8, 79.8, 81.4, 71.8, 68.9, 62.1, 64.4, 77.7, 76.3, 72.0, 81.0, 75.7, 72.7, 76.2, 81.7, 79.0, 68.9, 74.7, 68.3, 73.7, 69.3, 73.3, 59.4, 74.9, 72.2, 48.1, 69.6, 78.1, 81.6, 88.0, 73.5, 74.1, 68.5, 44.6, 81.7, 75.8, 81.5, 58.9, 68.6, 73.6, 56.1, 62.3, 69.2, 73.1, 65.5, 62.1, 78.8, 72.8, 68.6, 52.1, 78.0, 72.5, 76.8, 78.0, 76.8, 72.4, 79.1, 72.3, 72.1, 73.4, 77.2, 75.0, 68.3, 71.6, 66.4, 58.1, 67.6, 66.8, 75.5, 72.4, 74.5, 67.7, 66.7, 73.7, 81.6, 78.7, 63.5, 54.9, 53.2, 74.1, 75.6, 65.8, 71.2, 64.3, 72.0, 79.3, 46.4, 73.4, 66.8, 67.2, 69.6, 71.0, 74.0, 75.0, 75.3, 79.0, 74.0, 74.4, 52.1, 53.6, 81.2, 68.3, 76.3, 64.8, 65.1, 64.2, 84.0, 76.2, 76.0, 45.5, 75.1, 74.4, 68.1, 64.6, 75.3, 48.1, 79.8, 77.3, 73.8, 63.0, 72.3, 64.4, 72.2, 79.7, 64.7, 81.0, 68.7, 71.0, 67.9, 61.7, 71.8, 73.0, 71.5, 75.4, 71.7, 71.1, 61.8, 71.9, 65.1, 75.2, 78.5, 68.1, 74.4, 48.7, 77.0, 75.6, 72.1, 57.8, 74.2, 66.2, 67.5, 58.3, 78.7, 68.5, 75.4, 72.5, 81.7, 61.3, 78.0, 62.9, 74.6, 74.8, 77.3, 74.4, 75.2, 71.5, 67.4, 69.5, 75.5, 75.4, 76.4, 67.7, 69.4, 76.1, 65.4, 81.3, 77.1, 69.7, 77.8, 75.7, 73.4, 74.8, 73.0, 76.7, 68.0, 68.3, 74.1, 76.7, 54.0, 81.3, 73.0, 76.8, 62.8, 64.1, 67.5, 73.5, 74.3, 78.0, 66.6, 65.8, 73.6, 56.6, 73.7, 64.5, 62.2, 61.4, 58.8, 76.9, 77.0, 63.0, 72.0, 73.7, 82.0, 73.1, 51.1, 74.4, 68.4, 72.1, 75.3, 74.4, 69.7, 73.9, 58.6, 67.7, 78.9, 73.8, 67.1, 68.1, 59.4, 66.9, 75.0, 73.2, 79.2, 65.1, 65.7, 56.5, 65.9, 81.0, 72.2, 72.2, 71.4, 81.0, 73.9, 64.1, 76.5, 62.0, 74.4, 83.0, 73.6, 71.9, 67.0, 75.0, 57.5, 73.2, 75.9, 59.2, 73.9, 65.2, 58.5, 58.2, 74.7, 61.7, 76.0, 72.7, 78.8, 73.7, 57.5, 55.3, 66.0, 62.0, 78.5, 71.7, 72.7, 72.9, 78.0, 65.1, 64.2, 54.1, 67.0, 76.4, 82.0, 68.0, 62.3, 77.7, 69.3, 73.3, 73.4, 76.3, 75.4, 66.1, 75.5, 76.2, 76.2, 54.8, 74.9, 57.4, 73.3, 71.4, 58.1, 76.3, 73.1, 71.9, 79.2, 83.0, 54.8, 74.8, 65.3, 63.0, 65.0, 65.6, 87.0, 69.0, 74.6, 71.4, 75.6, 74.7, 75.8, 72.4, 74.0, 65.4, 52.6, 57.9, 62.5, 69.0, 68.3, 46.4, 68.9, 74.9, 64.2, 57.8, 44.6, 66.0, 73.5, 80.0, 75.3, 82.2, 71.1, 81.0, 76.6, 73.3, 77.0, 71.0, 79.1, 73.8, 77.6, 81.0, 79.4, 74.2, 71.8, 72.5, 86.0, 79.2, 86.0, 80.0, 73.0, 72.5, 77.9, 70.0, 74.1, 78.3, 78.0, 73.6, 76.4, 64.1, 74.7, 67.6, 73.9, 76.8, 73.9, 69.6, 56.7, 52.8, 64.7, 75.6, 67.0, 76.0, 86.0, 73.4, 75.4, 74.5, 69.1, 78.7, 56.2, 82.5, 72.3, 76.2, 45.6, 69.9, 78.0, 75.1, 79.5, 54.8, 59.2, 67.9, 71.9, 69.3, 61.1, 82.7, 81.9, 72.4, 81.0, 79.3, 77.4, 79.4, 74.4, 68.5, 69.7, 57.2, 69.7, 67.1, 85.0, 72.5, 66.2, 81.9, 82.1, 74.6, 73.2, 75.4, 88.0, 75.0], "y_pred": [60.81000000000002, 73.02599999999995, 70.99499999999998, 76.8489999999999, 69.96699999999998, 74.68199999999996, 72.17899999999996, 71.82400000000005, 68.47100000000002, 80.56099999999998, 56.13800000000004, 52.45999999999995, 77.24499999999999, 81.72800000000005, 59.01600000000005, 50.156000000000006, 68.87200000000001, 66.83399999999997, 54.95199999999998, 66.15400000000005, 69.51700000000001, 54.527000000000015, 68.68599999999996, 73.07100000000003, 73.42599999999995, 81.24700000000011, 60.00100000000002, 58.414000000000016, 76.628, 66.21099999999997, 68.44100000000006, 54.001999999999995, 54.62000000000001, 69.54099999999998, 60.50300000000003, 59.51800000000002, 68.59899999999999, 51.269000000000005, 49.72800000000004, 64.98400000000004, 83.21700000000001, 81.10200000000002, 79.32700000000003, 74.51699999999994, 59.26199999999998, 78.91899999999997, 76.85399999999998, 80.96500000000005, 83.14400000000005, 71.46799999999996, 71.18400000000003, 66.598, 62.58199999999999, 72.13899999999995, 77.33899999999996, 72.461, 81.98800000000001, 75.53499999999995, 71.90700000000007, 75.44399999999997, 83.16700000000006, 73.21799999999996, 71.90199999999999, 75.67600000000007, 68.28800000000001, 72.96600000000001, 70.778, 70.189, 58.50799999999997, 71.52399999999997, 69.53299999999999, 66.31899999999997, 71.15299999999995, 74.76399999999997, 81.17400000000005, 82.16399999999997, 69.83500000000002, 73.82400000000001, 68.47399999999999, 55.19499999999999, 81.77000000000004, 74.46000000000002, 81.22500000000002, 58.40199999999997, 63.417999999999985, 74.21200000000003, 58.643000000000036, 64.49800000000005, 71.998, 71.83699999999999, 70.53399999999999, 63.39499999999998, 77.989, 70.31699999999996, 70.92299999999999, 55.357999999999976, 79.78299999999996, 69.60199999999998, 76.60800000000002, 73.09799999999996, 75.32999999999997, 71.72399999999999, 80.92099999999999, 71.849, 72.45099999999994, 74.126, 74.49399999999997, 74.05099999999995, 60.865, 71.71999999999998, 60.163999999999994, 57.42299999999997, 67.30700000000004, 67.656, 73.494, 72.72600000000001, 74.28000000000003, 70.67599999999997, 66.90399999999998, 73.08899999999998, 82.61000000000004, 80.33100000000007, 63.891999999999946, 59.961000000000006, 52.92800000000001, 73.98099999999998, 75.45799999999998, 72.06299999999993, 71.41400000000002, 69.70100000000006, 73.00500000000007, 79.527, 56.08899999999997, 73.55399999999993, 61.794, 69.55100000000004, 74.31099999999996, 70.947, 73.38799999999998, 66.33599999999996, 74.89099999999993, 77.31700000000002, 74.01000000000002, 73.10700000000003, 53.69000000000001, 61.75000000000001, 82.11600000000003, 69.07000000000002, 77.571, 67.00700000000002, 65.19499999999998, 60.26700000000003, 84.29400000000001, 76.92899999999996, 75.53599999999997, 54.22800000000001, 74.32100000000005, 70.76299999999999, 71.16900000000001, 74.045, 74.026, 51.654000000000025, 79.51399999999998, 74.97899999999997, 73.84499999999993, 61.48899999999997, 74.36900000000004, 72.36599999999993, 73.22400000000003, 81.79600000000002, 73.47099999999996, 79.09499999999997, 69.41100000000004, 70.87799999999999, 70.84500000000001, 60.77900000000008, 72.42599999999995, 70.54899999999999, 72.82499999999999, 73.52299999999998, 73.47999999999996, 66.935, 57.141000000000005, 73.43900000000004, 64.19400000000003, 74.53100000000006, 76.93900000000002, 61.543, 71.26599999999999, 50.91000000000001, 72.53100000000003, 75.24500000000005, 71.47999999999999, 58.23300000000004, 72.64399999999999, 66.63499999999999, 72.16199999999999, 58.07199999999998, 80.067, 70.43799999999996, 73.86899999999997, 70.07900000000001, 81.46800000000007, 61.072000000000045, 72.369, 62.23400000000001, 73.41499999999995, 70.20400000000008, 77.02199999999998, 70.62900000000002, 74.31, 71.941, 68.70100000000004, 70.71199999999995, 75.388, 74.83300000000004, 74.80000000000004, 70.79799999999999, 72.82899999999998, 75.48399999999992, 63.529999999999994, 82.85899999999998, 77.55400000000007, 71.44900000000003, 79.308, 75.03299999999996, 74.164, 74.06799999999997, 71.01100000000004, 77.47799999999998, 63.26499999999998, 70.84599999999999, 75.35199999999993, 76.13500000000006, 54.698000000000064, 82.21599999999994, 72.155, 75.97699999999999, 68.118, 60.05900000000001, 69.101, 72.93299999999998, 76.78699999999999, 69.348, 65.174, 68.836, 70.19699999999999, 61.056000000000004, 72.97000000000003, 62.204000000000015, 62.053999999999995, 61.83400000000002, 58.50499999999999, 70.632, 71.93799999999996, 57.29100000000001, 70.351, 74.22699999999996, 77.3210000000001, 73.36200000000004, 58.02199999999994, 72.18799999999996, 60.86899999999996, 71.36099999999999, 77.36400000000003, 74.18799999999992, 70.64699999999998, 74.52699999999999, 56.35300000000004, 67.81199999999994, 80.49200000000002, 75.10000000000002, 67.936, 71.29899999999996, 59.148000000000074, 69.118, 70.79299999999999, 73.11299999999994, 74.91699999999996, 69.33800000000002,