{"mae": 4.816860861493864, "mse": 44.60194911851234, "r2": 0.3642380685897919, "feature_importance": {"Hepatitis B": 0.08512412958792921, "Polio": 0.19309705335321511, "Diphtheria": 0.08223789741593594, "percentage expenditure": 0.6395409196429197}, "y_test": [55.6, 74.6, 74.5, 79.0, 73.9, 74.4, 72.0, 74.2, 64.9, 79.4, 58.0, 46.6, 76.6, 80.0, 59.9, 51.2, 71.8, 67.8, 52.2, 65.4, 77.0, 51.1, 67.2, 72.8, 73.6, 81.4, 53.7, 55.6, 76.8, 57.3, 66.4, 52.3, 54.3, 67.5, 67.4, 64.0, 67.2, 50.0, 46.0, 77.0, 79.9, 84.0, 79.3, 73.7, 55.3, 76.0, 76.8, 79.8, 81.4, 71.8, 68.9, 62.1, 64.4, 77.7, 76.3, 72.0, 81.0, 75.7, 72.7, 76.2, 81.7, 79.0, 68.9, 74.7, 68.3, 73.7, 69.3, 73.3, 59.4, 74.9, 72.2, 48.1, 69.6, 78.1, 81.6, 88.0, 73.5, 74.1, 68.5, 44.6, 81.7, 75.8, 81.5, 58.9, 68.6, 73.6, 56.1, 62.3, 69.2, 73.1, 65.5, 62.1, 78.8, 72.8, 68.6, 52.1, 78.0, 72.5, 76.8, 78.0, 76.8, 72.4, 79.1, 72.3, 72.1, 73.4, 77.2, 75.0, 68.3, 71.6, 66.4, 58.1, 67.6, 66.8, 75.5, 72.4, 74.5, 67.7, 66.7, 73.7, 81.6, 78.7, 63.5, 54.9, 53.2, 74.1, 75.6, 65.8, 71.2, 64.3, 72.0, 79.3, 46.4, 73.4, 66.8, 67.2, 69.6, 71.0, 74.0, 75.0, 75.3, 79.0, 74.0, 74.4, 52.1, 53.6, 81.2, 68.3, 76.3, 64.8, 65.1, 64.2, 84.0, 76.2, 76.0, 45.5, 75.1, 74.4, 68.1, 64.6, 75.3, 48.1, 79.8, 77.3, 73.8, 63.0, 72.3, 64.4, 72.2, 79.7, 64.7, 81.0, 68.7, 71.0, 67.9, 61.7, 71.8, 73.0, 71.5, 75.4, 71.7, 71.1, 61.8, 71.9, 65.1, 75.2, 78.5, 68.1, 74.4, 48.7, 77.0, 75.6, 72.1, 57.8, 74.2, 66.2, 67.5, 58.3, 78.7, 68.5, 75.4, 72.5, 81.7, 61.3, 78.0, 62.9, 74.6, 74.8, 77.3, 74.4, 75.2, 71.5, 67.4, 69.5, 75.5, 75.4, 76.4, 67.7, 69.4, 76.1, 65.4, 81.3, 77.1, 69.7, 77.8, 75.7, 73.4, 74.8, 73.0, 76.7, 68.0, 68.3, 74.1, 76.7, 54.0, 81.3, 73.0, 76.8, 62.8, 64.1, 67.5, 73.5, 74.3, 78.0, 66.6, 65.8, 73.6, 56.6, 73.7, 64.5, 62.2, 61.4, 58.8, 76.9, 77.0, 63.0, 72.0, 73.7, 82.0, 73.1, 51.1, 74.4, 68.4, 72.1, 75.3, 74.4, 69.7, 73.9, 58.6, 67.7, 78.9, 73.8, 67.1, 68.1, 59.4, 66.9, 75.0, 73.2, 79.2, 65.1, 65.7, 56.5, 65.9, 81.0, 72.2, 72.2, 71.4, 81.0, 73.9, 64.1, 76.5, 62.0, 74.4, 83.0, 73.6, 71.9, 67.0, 75.0, 57.5, 73.2, 75.9, 59.2, 73.9, 65.2, 58.5, 58.2, 74.7, 61.7, 76.0, 72.7, 78.8, 73.7, 57.5, 55.3, 66.0, 62.0, 78.5, 71.7, 72.7, 72.9, 78.0, 65.1, 64.2, 54.1, 67.0, 76.4, 82.0, 68.0, 62.3, 77.7, 69.3, 73.3, 73.4, 76.3, 75.4, 66.1, 75.5, 76.2, 76.2, 54.8, 74.9, 57.4, 73.3, 71.4, 58.1, 76.3, 73.1, 71.9, 79.2, 83.0, 54.8, 74.8, 65.3, 63.0, 65.0, 65.6, 87.0, 69.0, 74.6, 71.4, 75.6, 74.7, 75.8, 72.4, 74.0, 65.4, 52.6, 57.9, 62.5, 69.0, 68.3, 46.4, 68.9, 74.9, 64.2, 57.8, 44.6, 66.0, 73.5, 80.0, 75.3, 82.2, 71.1, 81.0, 76.6, 73.3, 77.0, 71.0, 79.1, 73.8, 77.6, 81.0, 79.4, 74.2, 71.8, 72.5, 86.0, 79.2, 86.0, 80.0, 73.0, 72.5, 77.9, 70.0, 74.1, 78.3, 78.0, 73.6, 76.4, 64.1, 74.7, 67.6, 73.9, 76.8, 73.9, 69.6, 56.7, 52.8, 64.7, 75.6, 67.0, 76.0, 86.0, 73.4, 75.4, 74.5, 69.1, 78.7, 56.2, 82.5, 72.3, 76.2, 45.6, 69.9, 78.0, 75.1, 79.5, 54.8, 59.2, 67.9, 71.9, 69.3, 61.1, 82.7, 81.9, 72.4, 81.0, 79.3, 77.4, 79.4, 74.4, 68.5, 69.7, 57.2, 69.7, 67.1, 85.0, 72.5, 66.2, 81.9, 82.1, 74.6, 73.2, 75.4, 88.0, 75.0], "y_pred": [62.12801131697685, 71.24335740856614, 73.47480513724999, 68.92319097729802, 68.0054333416975, 67.12782812939814, 55.88841755263029, 68.13375114761332, 64.78693924926453, 79.63625854946399, 69.81586151838037, 61.25345041008007, 76.07574503716502, 81.22477652491388, 62.717283804964346, 56.129713821478276, 70.63051615700982, 62.31699850213807, 71.4574406402173, 66.1850035655815, 68.32633213648778, 70.56513103423866, 69.70840047714962, 73.37039091013496, 73.49678591311581, 78.82017431233322, 67.70738801774378, 62.96681018798757, 73.55193013248252, 60.10831432233218, 61.847649162663814, 71.81649250802953, 59.68493819082229, 65.617853772895, 63.90293831736092, 63.33696284041482, 63.683432752213065, 58.01332774096425, 72.48822319904416, 72.2408578825628, 78.9287489178541, 80.36750919028098, 76.96639304322387, 73.22969637766136, 65.6047071262443, 76.99417478289377, 73.49678591311581, 73.37039091013496, 78.75845559806892, 71.35752298431098, 73.89925826504432, 70.30390562842496, 59.61238457620479, 74.49286102770482, 78.23926574033553, 73.39156030851656, 73.39422087648106, 71.74864590575149, 65.01792751337847, 75.16202142156232, 74.92583680164739, 73.37039091013496, 71.56262612973731, 74.87550109078603, 73.49678591311581, 62.72916968252103, 64.59284254061319, 71.39488906308566, 63.08087687633443, 70.58403341549673, 70.94903513642129, 73.39362118140173, 73.46293003279821, 73.12588888025707, 80.593670232784, 80.9853911409431, 74.8733100543899, 74.60778558467142, 69.84892771924649, 63.53660318353127, 76.00937118468856, 69.46069481598909, 73.39422087648106, 64.05020603078734, 71.18668564506835, 72.73029109557099, 59.68306373703069, 63.00698011693925, 63.42296673924793, 67.04560358947565, 59.55037687503174, 71.66380316822007, 75.42962356915572, 71.66380316822007, 69.87742753317707, 63.763923817455726, 74.34329357718804, 74.59727525481985, 73.37039091013496, 53.214185687087195, 69.46069481598909, 72.96653817883424, 77.04218991209665, 68.64913649118819, 69.55756834457218, 71.39488906308566, 74.66300187363822, 67.08142261901222, 64.5069932678039, 64.01940163217265, 63.763445390551475, 57.825610918821575, 64.07604731744792, 53.12170161999886, 64.14979581334286, 72.45435554519241, 71.14929693472544, 66.90127849865235, 60.63921643651385, 73.12162996272649, 82.42054177185462, 82.04842886548258, 64.06612468215498, 70.68445328683421, 58.23806826397233, 71.20386519945112, 75.24621482648459, 73.39422087648106, 69.29359090866087, 61.05345392931777, 70.67119376149138, 82.67669804011675, 65.26950205291676, 73.39422087648106, 64.88933136936936, 64.38697720196579, 69.61898447927773, 62.35793009513436, 70.25297394042634, 59.55900862680703, 70.15954554155536, 69.10580219096032, 74.87447794071781, 73.46293003279821, 60.140207917800055, 62.94671462622406, 73.26671938451831, 64.94233903063268, 69.97680523019665, 58.32036813506217, 67.76028802836353, 62.75521023574614, 79.06643207897106, 76.07574503716502, 75.16900134170068, 61.47119912996803, 72.20876040735133, 64.87503493969757, 69.2830147558349, 73.30472451657221, 71.67271107318838, 58.257140011100205, 63.92075585232743, 68.61738364681433, 71.39488906308566, 62.958427116512375, 72.0502112224828, 71.23203574379183, 73.46293003279821, 80.90513143448163, 69.29614602149194, 78.7547090750788, 70.89768042551667, 73.39156030851656, 64.94233903063268, 62.56968025544472, 72.37523775023796, 64.18059194733387, 70.63288857759737, 70.3429144289565, 70.30287131214395, 74.33693159786402, 64.95693148037277, 73.03568032270098, 59.4206123742116, 71.19735384105357, 71.77357718505986, 70.64171618082638, 72.96653817883424, 64.17982040737125, 73.49678591311581, 74.94949771720579, 70.88754087751245, 60.10831432233218, 73.37039091013496, 70.58972331398473, 71.90474167420285, 62.76655493777456, 79.02548165046865, 72.0685300015441, 70.89768042551667, 63.030952918601095, 73.30472451657221, 62.71431096846277, 70.19033450915492, 70.26648622187426, 72.88763405775788, 72.54173949223636, 69.48837929785739, 66.90602239954278, 75.60401084862823, 66.74869660135825, 67.30447966203322, 73.39422087648106, 71.85121094238625, 73.49678591311581, 63.31093262696749, 72.51605143991374, 67.79964792965886, 72.96719806797435, 62.09608305255106, 80.90648701986673, 75.86460539500939, 71.56860537901008, 82.13452716864714, 71.67019176801752, 73.13888835258811, 72.61359067541233, 63.70287936672121, 70.23633807907876, 66.01341103550313, 71.55736726088075, 69.24571389637033, 73.37039091013496, 66.75880867357256, 82.43321150236197, 66.32469628698577, 73.31822334040365, 59.23791082856264, 61.80428516619681, 64.30819747265248, 71.2741059250042, 68.7961979014405, 69.10109216931303, 63.60871303889575, 73.30472451657221, 71.14929693472544, 70.48542596985898, 74.59727525481985, 61.76434121950241, 63.75053065043816, 63.19253690081323, 58.590248371258156, 69.94758560615549, 69.9263118864185, 60.31036536958342, 67.96940854301033, 75.06458711458565, 78.82017431233322, 73.26671938451831, 